{
  "Dense Only (Baseline)": {
    "ndcg_5": 0.680536147924231,
    "ndcg_3": 0.5763561830376261,
    "p_at_1": 0.4222222222222222,
    "p_at_3": 0.28888888888888886,
    "p_at_5": 0.23111111111111104,
    "mrr": 0.5055555555555555,
    "time_seconds": 2.096107006072998
  },
  "Dense + Cross-Encoder": {
    "ndcg_5": 0.6392775984169832,
    "ndcg_3": 0.5264670222431346,
    "p_at_1": 0.4,
    "p_at_3": 0.2518518518518519,
    "p_at_5": 0.21777777777777776,
    "mrr": 0.4892592592592592,
    "time_seconds": 7.181166887283325
  },
  "Hybrid (Dense + BM25)": {
    "ndcg_5": 0.712837863774497,
    "ndcg_3": 0.6631235462959899,
    "p_at_1": 0.4444444444444444,
    "p_at_3": 0.31851851851851853,
    "p_at_5": 0.2266666666666666,
    "mrr": 0.5396296296296296,
    "time_seconds": 2.1410510540008545
  },
  "Hybrid + Cross-Encoder (Recommended)": {
    "ndcg_5": 0.5896958601702148,
    "ndcg_3": 0.49726268807136226,
    "p_at_1": 0.37777777777777777,
    "p_at_3": 0.23703703703703707,
    "p_at_5": 0.20444444444444443,
    "mrr": 0.4674074074074074,
    "time_seconds": 4.773241758346558
  }
}