{
  "results": {
    "Baseline (Hybrid only)": {
      "ndcg_5": 0.7437781090701302,
      "p_at_1": 0.4888888888888889,
      "mrr": 0.5574074074074074,
      "time_seconds": 0.008168935775756836
    },
    "+ Query Expansion": {
      "ndcg_5": 0.7789133055013401,
      "p_at_1": 0.5111111111111111,
      "mrr": 0.5759259259259258,
      "time_seconds": 36.441920042037964
    },
    "+ Gemini Reranking": {
      "ndcg_5": 0.7218532245129372,
      "p_at_1": 0.4666666666666667,
      "mrr": 0.5518518518518518,
      "time_seconds": 26.096933841705322
    },
    "+ Both (Expansion + Rerank)": {
      "ndcg_5": 0.7169926143979951,
      "p_at_1": 0.4666666666666667,
      "mrr": 0.55,
      "time_seconds": 60.402799129486084
    }
  },
  "best_config": "+ Query Expansion"
}