{
  "MiniLM": {
    "ndcg_5": 0.6018795606696832,
    "ndcg_3": 0.5336432523867782,
    "p_at_1": 0.3111111111111111,
    "p_at_3": 0.3111111111111111,
    "p_at_5": 0.24000000000000002,
    "mrr": 0.47
  },
  "MPNet": {
    "ndcg_5": 0.5990272854202405,
    "ndcg_3": 0.5630106500944487,
    "p_at_1": 0.5111111111111111,
    "p_at_3": 0.3111111111111111,
    "p_at_5": 0.2177777777777778,
    "mrr": 0.5674074074074075
  },
  "BGE-base": {
    "ndcg_5": 0.34207765099052856,
    "ndcg_3": 0.3125086870122694,
    "p_at_1": 0.3111111111111111,
    "p_at_3": 0.1925925925925926,
    "p_at_5": 0.14222222222222222,
    "mrr": 0.3655555555555555
  },
  "GTE-base": {
    "ndcg_5": 0.4689594468783674,
    "ndcg_3": 0.4247604296537467,
    "p_at_1": 0.37777777777777777,
    "p_at_3": 0.24444444444444444,
    "p_at_5": 0.1688888888888889,
    "mrr": 0.44629629629629625
  }
}