{
  "Original (hybrid on original text)": {
    "ndcg_5": 0.7419557068052929,
    "p_at_1": 0.4888888888888889,
    "mrr": 0.5574074074074074
  },
  "Enriched (hybrid on enriched text)": {
    "ndcg_5": 0.728531743653804,
    "p_at_1": 0.4444444444444444,
    "mrr": 0.5351851851851852
  }
}